text,label
"Denver ran 14 high pick-and-rolls in the fourth quarter, forcing a drop coverage that gave Jokic wide-open mid-range looks.",analysis
"When Embiid sits, Philadelphia's net rating plummets from +7.4 to -4.2, highlighting their complete reliance on his rim protection.",analysis
"Oklahoma City is currently leading the league in drive-and-kick efficiency, generating 1.24 points per possession on corner threes.",analysis
"The Mavericks adjusted by putting Luka on the weakest shooter, allowing him to play as a free-roaming safety in the paint.",analysis
"Tatum shot 5-of-6 from beyond the arc when his defender went under the screen, making Washington abandon their defensive scheme entirely.",analysis
"By running a small-ball lineup with five shooters, Indiana completely pulled the opposing shot-blocker out of the restricted area.",analysis
"Brunson is averaging 8.2 assists per game this month primarily because opposing defenses are aggressively blitzing his high screens.",analysis
"The Heat shifted to a 2-3 zone in the third quarter to slow down the transition pace, limiting fast-break points to zero.",analysis
"SGA is shooting a staggering 54% on contested step-back mid-range jumpers, which anchors their entire half-court offense.",analysis
"The Bucks run into structural issues because Giannis and Lillard both occupy the same high-usage operating zones in crunch time.",analysis
"Golden State's defensive rotation failed because the weak-side helper didn't drop down early enough to contest the rolling big man.",analysis
"Edwards generated 6 potential assists in the first half alone by drawing double teams and kicking to the opposite wing.",analysis
"The Lakers are sacrificing defensive transition speed by sending three players to the offensive glass instead of dropping back.",analysis
"Orlando's offensive spacing is compromised because they lack a reliable catch-and-shoot threat from the corners.",analysis
"Haliburton's playmaking usage tier is sustainable because his turnover percentage remains remarkably low at under 8%.",analysis
"Cleveland utilizes a twin-towers lineup that successfully deters opponents from attacking the paint, allowing lowest rim field goal %.",analysis
"Phoenix struggles defensively because both perimeter defenders frequently over-gamble on passing lanes, leaving backdoors open.",analysis
"Adonis has altered his shot mechanics slightly, releasing the ball at a higher apex to clear taller defenders on closeouts.",analysis
"The Kings are running their offense through the high post, leveraging cross-screens to free up perimeter cutters.",analysis
"Memphis is leading the league in second-chance points due to an aggressive 32% offensive rebounding rate.",analysis
"The team's true shooting percentage climbs by 4% whenever their primary playmaker handles the ball in transition.",analysis
"New York's defensive scheme relies heavily on physical point-of-attack pressure to disrupt early shot clock actions.",analysis
"Miami forces the second-highest turnover rate in the league by switching aggressively on all perimeter handoffs.",analysis
"The Pelicans are finding success using inverted pick-and-rolls where the guard sets the screen for the forward.",analysis
"Houston's defensive rating improved drastically after switching from a drop coverage scheme to a hard hedge model.",analysis
"San Antonio's transition offense is highly efficient when Wemby acts as the primary baseline outlet passer.",analysis
"The Clippers run clear-out isolation sets on 22% of possessions, the highest mark of any team in the Western conference.",analysis
"Toronto's half-court offense stagnates because they rank dead last in player movement distance per possession.",analysis
"Chicago is giving up a high volume of corner threes due to over-helping on middle penetration drives.",analysis
"Utah's offensive rebound percentage has seen a significant boost since moving their versatile forward to the center spot.",analysis
"Washington's transition defense is non-existent because players consistently fail to match up on the perimeter.",analysis
"The Hawks are running automated stagger screens to get their primary shooter loose from trailing defenders.",analysis
"Charlotte struggles in the third quarter because their bench rotation fails to sustain defensive intensity.",analysis
"Detroit is seeing incremental success running spread pick-and-roll sets for their young point guard.",analysis
"Portland's rim frequency numbers are quite low as they settle for mid-range pull-ups on 35% of plays.",analysis
"Brooklyn's switching defense successfully neutralizes standard isolation threats but struggles against heavy cutters.",analysis
"The team generated 18 points off baseline cuts tonight by exploiting lazy weak-side help defense.",analysis
"Advanced metrics show that their starting center is holding opponents to just 42% shooting inside five feet.",
"The offensive efficiency climbs to an elite level when they run transition plays off live-ball turnovers.",analysis
"Opposing teams are shooting a mere 28% on above-the-break threes against this aggressive perimeter defense.",analysis
"The squad's bench unit is playing at a faster pace than the starters, averaging two more possessions per game.",analysis
"Statistical evidence indicates that their star guard converts catch-and-shoot opportunities at a much higher clip than pull-ups.",analysis
"A tactical shift to full-court pressure caused the young opposing backcourt to commit three consecutive errors.",analysis
"The forward's true shooting efficiency drops off significantly whenever he is forced to create his own shot late in the clock.",analysis
"Denver's baseline out-of-bounds plays are incredibly effective due to the passing vision of their elite center.",analysis
"The team's defensive scheme intentionally gives up contested mid-range looks to completely eliminate easy rim attempts.",analysis
"Boston's offensive rating is historic because all five starters can consistently generate their own three-point looks.",analysis
"The young squad struggles against veteran drop coverages because their guards have not developed a reliable floater game.",analysis
"Data suggests that their starting lineup has a net rating of +12.3 over a substantial 400-minute sample size.",analysis
"The coach adjusted the rotation to ensure at least one elite playmaker remains on the floor at all times.",analysis
"Their perimeter defense limits drive-and-kick options by having the low man stay home on the corner shooter.",analysis
"The center's block percentage has skyrocketed since he stopped biting on perimeter pump fakes.",analysis
"The team creates high-quality looks by consistently running secondary break actions before the defense sets.",analysis
"An analysis of the shot charts shows an overwhelming concentration of attempts coming from the restricted area.",analysis
"The guard's assist-to-turnover ratio is among the elite tier due to his conservative cross-court passing decisions.",analysis
"The defense successfully contained the star player by deploying an aggressive box-and-one scheme.",analysis
"Their offensive spacing is highly dynamic, characterized by continuous weak-side screening and cutting.",analysis
"Statistically, their defensive rebounding percentage drops by 8% when their starting power forward goes to the bench.",analysis
"The team is maximizing their offensive possessions by taking early shot-clock transition threes before the defense settles.",analysis
"The backup point guard excels at probing the paint and finding baseline cutters when the defense collapses.",analysis
"Opponents are finding it difficult to score in isolation due to the team's exceptional lateral quickness.",analysis
"The squad ranks in the top five for secondary assists, demonstrating a clear focus on extra ball reversal.",analysis
"Their star player is averaging 1.15 points per possession in post-up scenarios, forcing frequent double teams.",analysis
"The defensive unit is highly adept at recovering to perimeter shooters after executing a hard hedge.",analysis
"The team's overall transition frequency has increased by 15% compared to their output from last season.",analysis
"A close look at the tape shows that their forward is consistently missing his weak-side low man rotation.",analysis
"Their offense utilizes constant dribble handoffs to compromise the perimeter positioning of opposing guards.",analysis
"SGA is a regular-season merchant who relies entirely on foul baiting and will never lead a team to the Finals.",hot_take
"LeBron is actively ruining the Lakers' future by holding the front office hostage on roster decisions.",hot_take
"The Celtics are completely fraudulent and only won a ring because every single team they faced was injured.",hot_take
"Embiid will go down as the most overrated superstar in NBA history due to his endless playoff choke jobs.",hot_take
"Wemby is already a top five player in the league right now and anyone who disagrees does not watch basketball.",hot_take
"Ant is dynamic, but he is just a glorified Zach LaVine with better media marketing behind him.",hot_take
"The Knicks blew their entire asset asset vault for a bunch of role players who will never get past the second round.",hot_take
"Luka is an uncoachable teammate whose high-usage ball-hogging style will prevent Dallas from ever winning.",hot_take
"Giannis is going to demand a trade this summer because Milwaukee's front office completely destroyed his prime.",hot_take
"Ja Morant's playstyle will not age well at all; he will be out of the league in three years due to injuries.",hot_take
"Haliburton's entire hot streak last year was an absolute fluke and he is exposed as a mid point guard now.",hot_take
"The Suns need to trade Durant immediately because this current big three is a complete disaster.",hot_take
"Jokic is the only actual superstar in the NBA right now; everyone else is just a tiered role player.",hot_take
"Chester is soft and will get completely bullied in the playoffs when teams actually start playing physical ball.",hot_take
"The Heat culture narrative is entirely made up to cover for a mediocre roster that got lucky twice.",hot_take
"George is the most overpaid third option in the league and Philadelphia will deeply regret that massive contract.",hot_take
"The Warriors franchise is completely finished unless they make a desperate trade to save Steph's final years.",hot_take
"Brunson is way too small to be the best player on a championship team; the Knicks are capping their ceiling.",hot_take
"Most modern NBA stars are incredibly soft and would completely fold if they had to play in the physical 90s era.",hot_take
"The coach should be fired immediately after tonight's game; his rotations make absolutely zero sense.",hot_take
"This rookie is a complete bust and it is already clear he does not possess the work ethic to make it.",hot_take
"Trading away their defensive center was the single worst roster move of the decade for this franchise.",hot_take
"The league is clearly rigging games for certain market teams to ensure high television ratings.",hot_take
"This team is actively tanking and their front office should be heavily fined by the commissioner.",hot_take
"He is easily a top ten talent of all time but people are just too blind to see his true impact.",hot_take
"They are going to get completely swept in the first round of the playoffs and it won't even be close.",hot_take
"This player is playing for stats and individual accolades rather than trying to help his team win games.",hot_take
"The current roster construction is a complete joke and the general manager needs to be replaced.",hot_take
"He is a regular season hero who completely vanishes the second a defense applies physical pressure.",hot_take
"They should completely blow up the roster and trade everyone for draft picks before it is too late.",hot_take
"The regular season is entirely meaningless now because players just coast and load manage constantly.",hot_take
"He is the worst defender in the entire league and is a massive liability whenever he is on the court.",hot_take
"The franchise needs to leave their current city because the fan base is completely dead and unsupportive.",hot_take
"He will never win an MVP award because the media has a clear narrative bias against small market stars.",hot_take
"This contract is an absolute albatross that will cripple the salary cap structure for years to come.",hot_take
"The entire coaching staff looks completely out of their depth and has no idea how to adjust.",hot_take
"He is only relevant because he plays next to an elite playmaker who creates easy looks for him.",hot_take
"They are easily the worst shooting team in modern history and it is physically painful to watch them.",hot_take
"The team is one minor injury away from completely missing the play-in tournament entirely.",hot_take
"He is a complete liability in the clutch and should never be allowed to take the final shot.",hot_take
"The front office is completely incompetent for letting that talented young guard walk away for nothing.",hot_take
"He is a glorified bench player who is only starting because the team has no roster depth.",hot_take
"They are a complete lock for the finals and no team in the western conference can challenge them.",hot_take
"His legacy will be completely ruined if he fails to secure a championship with this superteam.",hot_take
"The entire organization is completely toxic from the ownership down to the coaching staff.",hot_take
"He is vastly overrated as a playmaker and turns the ball over way too much to be elite.",hot_take
"This trade will go down as the most lopsided and disastrous deal in the history of the sport.",hot_take
"They are fraud contenders who only beat up on bad teams during the regular season loop.",hot_take
"He is completely checked out and is just coasting until he can enter free agency next summer.",hot_take
"The team's defensive intensity is entirely non-existent and they look like they don't even care.",hot_take
"He is far too injury-prone to ever build a franchise around; it is a ticking time bomb.",hot_take
"They are playing basic basketball that will get completely exposed in a seven-game playoff series.",hot_take
"The young guard is an absolute star in the making and is already better than their veteran leader.",hot_take
"The media hypes this team up every single year just for them to crumble under real pressure.",hot_take
"He is a complete chemistry killer who destroys every single locker room he steps into.",hot_take
"They will be a lottery team for the next decade if they do not change ownership immediately.",hot_take
"He has zero basketball IQ and relies entirely on his raw athleticism to get by in this league.",hot_take
"The team's championship window is officially closed and they need to start the rebuild now.",hot_take
"He is a massive choke artist who cannot handle the bright lights of a big market team.",hot_take
"They are the most boring team to watch in the entire league due to their slow, ugly offense.",hot_take
"The fan base is completely delusional for thinking this roster can compete for a top seed.",hot_take
"He is entirely a product of the system and would look completely average on any other team.",hot_take
"They made a historic mistake by passing on that star forward in the draft layout.",hot_take
"ANTHONY EDWARDS JUST ENDED JOHN COLLINS' WHOLE CAREER LMAOOOO.",reaction
"I'm literally sick to my stomach, I can't believe we blew a twenty point lead in the fourth quarter.",reaction
"WHAT AM I WITNESSING?! REBELS WEMBY JUST HIT A STEP-BACK THREE FROM THE LOGO?!",reaction
"Bro no way he missed both free throws... the script writers are getting lazy.",reaction
"OH MY GOD THAT DUNK WAS ABSOLUTELY DISGUSTING HE POSTERIZED THE WHOLE TEAM!!!",reaction
"I am actually crying laughing at this post-game interview, he is completely unhinged.",reaction
"GG wolves fans, series over, we are absolutely cooked. See yall next October.",reaction
"Refs are completely throwing this game right now, that is a clear flagrant foul!",reaction
"LEBRONNNNNNNNNNNNNNN WOWOWOWOWOW AT FORTY YEARS OLD IS UNREAL!!!",reaction
"Brogdon just turned it over twice in thirty seconds... get this man off my screen please.",reaction
"WE ARE SO BACK!!!! SINGLE DIGIT GAME LETS GOOOOOOOOOOO!!!",reaction
"Yeah I'm turning this trash off, these guys don't even want to play basketball tonight.",reaction
"BRUH he hit the backboard on a wide-open layup how is this man a professional?!",reaction
"This crowd is absolutely electric tonight, the stadium is rocking through the TV!",reaction
"An absolute masterclass in throwing a basketball game, bravo front office.",reaction
"He did the high-five celebration down thirty points lmao I love this league so much.",reaction
"My heart cannot take this game, please just hit one shot I am begging you.",reaction
"Refs absolutely rigging this for a game seven, you cannot tell me otherwise.",reaction
"LMAO he got ejected for clapping at the referee, this league is incredibly soft.",reaction
"Holy moly what a block!!! That went straight into the third row of the stands!!!",reaction
"I cannot stop smiling right now, this is the best day of my entire life as a fan!",reaction
"No no no please don't be injured, stay down and take your time man.",reaction
"Wow, absolute silence in the arena right now. You can hear a pin drop.",reaction
"He really hit the night night celebration on them in November, the disrespect is insane!",reaction
"I am literally screaming in my living room right now my neighbors are going to call the cops.",reaction
"Are you kidding me?! That was out of bounds by at least a whole foot!",reaction
"This is the worst basketball game I have ever seen in my entire life.",reaction
"HE GOT THE ROLL!!! IT BOUNCED FOUR TIMES AND DROPPED IN AT THE BUZZER!!!",reaction
"Pure comedy gold from the commentators tonight, they are completely checked out.",reaction
"I'm done. I am completely done with this team. See you guys on Tuesday.",reaction
"Look at his bench reacting to that crossover, they are losing their minds!",reaction
"Unbelievable choke job. Truly historic. I am entirely speechless right now.",reaction
"YESIRRRRRRRR THAT IS WHAT I AM TALKING ABOUT! DEFENSE WINS GAMES!",reaction
"He completely airballed the game-winning free throw... I am in total shock.",reaction
"Lmao the mascot looks so depressed sitting on the baseline right now.",reaction
"LETS GOOOOOO! THATS A BOX OUT! THATS TRADITIONAL BASKETBALL!",reaction
"He is flexing down twenty points, please hide this man from the media.",reaction
"I have no words. Just an absolute collapse from top to bottom.",reaction
"BOOM!! ANOTHER THREE!! HE IS COMPLETELY ON FIRE TONIGHT!!",reaction
"The technical foul on that minor gesture is a complete joke, let them play!",reaction
"I am literally shaking right now, what an incredible finish to this game!",reaction
"Get ready to learn Chinese buddy, because your time in this league is up.",reaction
"NO WAY!! NO WAY THAT JUST HAPPENED!! THAT IS UNREAL!!",reaction
"This is an absolute slaughter, they are down thirty before halftime.",reaction
"HE CANNOT BE STOPPED!!! ANOTHER POSTER!! CALL THE POLICE!!!",reaction
"I can't believe I stayed up until 1 AM to watch this complete garbage performance.",reaction
"LMAO the opposing coach looks like he wants to cry right now.",reaction
"MVP! MVP! MVP! THE WHOLE STADIUM IS CHANTING IT TONIGHT!!!",reaction
"Please just sub the starters out, this game is completely over.",reaction
"HE CAN'T GUARD HIM!!! HE IS COCKING HIS HEAD BACK AND LAUGHING!!!",reaction
"Absolute heartbreak. We played so hard just to lose on a bank shot.",reaction
"BRUH he forgot the rules of basketball and just ran with the ball lol.",reaction
"We are witnessing history tonight, what an unbelievable performance!",reaction
"I'm going to sleep, I cannot watch this team break my heart anymore.",reaction
"THAT WAS CLEAN!!! HOW WAS THAT CALLED A FOUL?! INFURIATING!!!",reaction
"Lmao he completely ignored his teammate who was wide open under the basket.",reaction
"LETS GOOOOOOOOOO!!! WE WIN!!! SERIES TIED UP!!!",reaction
"I am sick to my stomach watching these bad refs ruin a great game.",reaction
"OH MY GOOOOODNESSS!!! HE JUST BROKE HIS ANKLES SO HARD!!!",reaction
"This team brings me nothing but immense pain and disappointment.",reaction
"HE HIT IT!!! GAME OVER!!! WE GOING TO THE NEXT ROUND!!!",reaction
"LMAO he ran to the wrong bench after getting subbed out.",reaction
"I am losing my absolute mind, how did that shot even go in?!",reaction
"This is peak comedy, both teams are actively trying to lose this game.",reaction
"YEAHHHHHHH BUDDY!!! THATS GAME!!! PACK YOUR BAGS!!!",reaction
"I can't take this anymore, my stress levels are through the roof.",reaction